<?xml version="1.0" encoding="UTF-8"?>
<export version="D">
  <design>
    <source>C:\Users\mem\Documents\KiCad\psu2\psu2.sch</source>
    <date>24/04/2020 10:38:31 PM</date>
    <tool>Eeschema (5.1.5)-3</tool>
    <sheet number="1" name="/" tstamps="/">
      <title_block>
        <title/>
        <company/>
        <rev/>
        <date/>
        <source>psu2.sch</source>
        <comment number="1" value=""/>
        <comment number="2" value=""/>
        <comment number="3" value=""/>
        <comment number="4" value=""/>
      </title_block>
    </sheet>
    <sheet number="2" name="/FP6291LR-G1/" tstamps="/5F61D9C0/">
      <title_block>
        <title/>
        <company/>
        <rev/>
        <date/>
        <source>FP6291LR-G1.sch</source>
        <comment number="1" value=""/>
        <comment number="2" value=""/>
        <comment number="3" value=""/>
        <comment number="4" value=""/>
      </title_block>
    </sheet>
  </design>
  <components>
    <comp ref="BT1">
      <value>Battery_Cell</value>
      <footprint>Battery:BatteryHolder_MPD_BH-18650-PC2</footprint>
      <datasheet>~</datasheet>
      <libsource lib="Device" part="Battery_Cell" description="Single-cell battery"/>
      <sheetpath names="/" tstamps="/"/>
      <tstamp>5E98A90C</tstamp>
    </comp>
    <comp ref="Q1">
      <value>FS8205A</value>
      <footprint>FS8205A:SOP65P640X120-8N</footprint>
      <datasheet>Package Analog Devices</datasheet>
      <fields>
        <field name="Field5">FS8205A</field>
        <field name="Field6">Fortune Semiconductor</field>
        <field name="Field7">None</field>
        <field name="Field8">Unavailable</field>
      </fields>
      <libsource lib="FS8205A" part="FS8205A" description=""/>
      <sheetpath names="/" tstamps="/"/>
      <tstamp>5E98FD18</tstamp>
    </comp>
    <comp ref="C5">
      <value>TAJB107K006RNJ</value>
      <footprint>Capacitor_Tantalum_SMD:CP_EIA-3528-15_AVX-H</footprint>
      <datasheet>~</datasheet>
      <libsource lib="Device" part="CP" description="Polarized capacitor"/>
      <sheetpath names="/" tstamps="/"/>
      <tstamp>5E998FC3</tstamp>
    </comp>
    <comp ref="R2">
      <value>100</value>
      <footprint>Resistor_SMD:R_0805_2012Metric</footprint>
      <datasheet>~</datasheet>
      <libsource lib="Device" part="R_Small_US" description="Resistor, small US symbol"/>
      <sheetpath names="/" tstamps="/"/>
      <tstamp>5E99941A</tstamp>
    </comp>
    <comp ref="J10">
      <value>Jack-DC</value>
      <footprint>Connector_BarrelJack:BarrelJack_Horizontal</footprint>
      <datasheet>~</datasheet>
      <libsource lib="Connector" part="Jack-DC" description="DC Barrel Jack"/>
      <sheetpath names="/" tstamps="/"/>
      <tstamp>5D5E3008</tstamp>
    </comp>
    <comp ref="L1">
      <value>68uH</value>
      <footprint>Inductor_SMD:L_12x12mm_H6mm</footprint>
      <datasheet>~</datasheet>
      <libsource lib="pspice" part="INDUCTOR" description="Inductor symbol for simulation only"/>
      <sheetpath names="/" tstamps="/"/>
      <tstamp>5D9636F6</tstamp>
    </comp>
    <comp ref="c5v1">
      <value>TAJB107K006RNJ</value>
      <footprint>Capacitor_Tantalum_SMD:CP_EIA-3528-15_AVX-H</footprint>
      <datasheet>~</datasheet>
      <libsource lib="Device" part="CP" description="Polarized capacitor"/>
      <sheetpath names="/" tstamps="/"/>
      <tstamp>5E33BC77</tstamp>
    </comp>
    <comp ref="D1">
      <value>SS54</value>
      <footprint>Diode_SMD:D_SMA</footprint>
      <datasheet>http://www.vishay.com/docs/88526/1n5820.pdf</datasheet>
      <libsource lib="Diode" part="1N5822" description="40V 3A Schottky Barrier Rectifier Diode, DO-201AD"/>
      <sheetpath names="/" tstamps="/"/>
      <tstamp>5E8C2249</tstamp>
    </comp>
    <comp ref="IC1">
      <value>XLSEMI XL1509-5.0E1</value>
      <footprint>XL1509-5.0E1:SOIC127P600X175-8N</footprint>
      <datasheet>https://datasheet.lcsc.com/szlcsc/XLSEMI-XL1509-5-0E1_C61063.pdf</datasheet>
      <fields>
        <field name="Description">2A 150KHz 40V Buck DC to DC Converter.</field>
        <field name="Height">1.75</field>
        <field name="Manufacturer_Name">XLSEMI</field>
        <field name="Manufacturer_Part_Number">XL1509-5.0E1</field>
      </fields>
      <libsource lib="XL1509-5.0E1" part="XL1509-5.0E1" description="2A 150KHz 40V Buck DC to DC Converter."/>
      <sheetpath names="/" tstamps="/"/>
      <tstamp>5E8CB902</tstamp>
    </comp>
    <comp ref="cVIN1">
      <value>50v 470uF</value>
      <footprint>Capacitor_THT:CP_Radial_D10.0mm_P5.00mm</footprint>
      <datasheet>~</datasheet>
      <libsource lib="Device" part="CP" description="Polarized capacitor"/>
      <sheetpath names="/" tstamps="/"/>
      <tstamp>5EA8F66D</tstamp>
    </comp>
    <comp ref="R3">
      <value>2k</value>
      <footprint>Resistor_SMD:R_0805_2012Metric</footprint>
      <datasheet>~</datasheet>
      <libsource lib="Device" part="R_Small_US" description="Resistor, small US symbol"/>
      <sheetpath names="/" tstamps="/"/>
      <tstamp>5E99AFDB</tstamp>
    </comp>
    <comp ref="BPROTECT1">
      <value>DW01A</value>
      <footprint>DW01A:SOT23-6</footprint>
      <datasheet>DW01A</datasheet>
      <fields>
        <field name="Field4">DW01A</field>
        <field name="Field5">C351410</field>
      </fields>
      <libsource lib="DW01A" part="DW01A" description=""/>
      <sheetpath names="/" tstamps="/"/>
      <tstamp>5E993641</tstamp>
    </comp>
    <comp ref="J1">
      <value>Conn_01x05_Male</value>
      <footprint>Connector_Phoenix_MC:PhoenixContact_MCV_1,5_5-G-3.81_1x05_P3.81mm_Vertical</footprint>
      <datasheet>~</datasheet>
      <libsource lib="Connector" part="Conn_01x05_Male" description="Generic connector, single row, 01x05, script generated (kicad-library-utils/schlib/autogen/connector/)"/>
      <sheetpath names="/" tstamps="/"/>
      <tstamp>5EA09277</tstamp>
    </comp>
    <comp ref="U2">
      <value>FP6291LR-G1</value>
      <footprint>SOT23-6L:SOT23-6L</footprint>
      <libsource lib="FP6291LR-G1" part="FP6291LR-G1" description=""/>
      <sheetpath names="/FP6291LR-G1/" tstamps="/5F61D9C0/"/>
      <tstamp>5F61E52C</tstamp>
    </comp>
    <comp ref="R4">
      <value>10k</value>
      <footprint>Resistor_SMD:R_0603_1608Metric</footprint>
      <datasheet>~</datasheet>
      <libsource lib="Device" part="R_US" description="Resistor, US symbol"/>
      <sheetpath names="/FP6291LR-G1/" tstamps="/5F61D9C0/"/>
      <tstamp>5F625503</tstamp>
    </comp>
    <comp ref="C6">
      <value>0.1uF</value>
      <footprint>Capacitor_SMD:C_0603_1608Metric</footprint>
      <datasheet>~</datasheet>
      <libsource lib="Device" part="C" description="Unpolarized capacitor"/>
      <sheetpath names="/FP6291LR-G1/" tstamps="/5F61D9C0/"/>
      <tstamp>5F6295A4</tstamp>
    </comp>
    <comp ref="C7">
      <value>22uF</value>
      <footprint>Capacitor_SMD:C_0805_2012Metric</footprint>
      <datasheet>~</datasheet>
      <libsource lib="Device" part="C" description="Unpolarized capacitor"/>
      <sheetpath names="/FP6291LR-G1/" tstamps="/5F61D9C0/"/>
      <tstamp>5F6296FA</tstamp>
    </comp>
    <comp ref="L3">
      <value>3.3uH</value>
      <footprint>MWSA0402S-3R3MT:INDPM4442X200N</footprint>
      <datasheet>~</datasheet>
      <libsource lib="pspice" part="INDUCTOR" description="Inductor symbol for simulation only"/>
      <sheetpath names="/FP6291LR-G1/" tstamps="/5F61D9C0/"/>
      <tstamp>5F629D4F</tstamp>
    </comp>
    <comp ref="D2">
      <value>SS54</value>
      <footprint>Diode_SMD:D_SMA</footprint>
      <datasheet>~</datasheet>
      <libsource lib="Device" part="D_Schottky" description="Schottky diode"/>
      <sheetpath names="/FP6291LR-G1/" tstamps="/5F61D9C0/"/>
      <tstamp>5F62A1A2</tstamp>
    </comp>
    <comp ref="C1">
      <value>22uF</value>
      <footprint>Capacitor_SMD:C_0805_2012Metric</footprint>
      <datasheet>~</datasheet>
      <libsource lib="Device" part="C" description="Unpolarized capacitor"/>
      <sheetpath names="/FP6291LR-G1/" tstamps="/5F61D9C0/"/>
      <tstamp>5F62DA25</tstamp>
    </comp>
    <comp ref="C2">
      <value>0.1uF</value>
      <footprint>Capacitor_SMD:C_0603_1608Metric</footprint>
      <datasheet>~</datasheet>
      <libsource lib="Device" part="C" description="Unpolarized capacitor"/>
      <sheetpath names="/FP6291LR-G1/" tstamps="/5F61D9C0/"/>
      <tstamp>5F62DA2B</tstamp>
    </comp>
    <comp ref="RV1">
      <value>100k</value>
      <footprint>Potentiometer_THT:Potentiometer_Bourns_3296W_Vertical</footprint>
      <datasheet>~</datasheet>
      <libsource lib="Device" part="R_POT_TRIM_US" description="Trim-potentiometer, US symbol"/>
      <sheetpath names="/FP6291LR-G1/" tstamps="/5F61D9C0/"/>
      <tstamp>5F62DBFE</tstamp>
    </comp>
    <comp ref="R5">
      <value>1k</value>
      <footprint>Resistor_SMD:R_0603_1608Metric</footprint>
      <datasheet>~</datasheet>
      <libsource lib="Device" part="R_US" description="Resistor, US symbol"/>
      <sheetpath names="/FP6291LR-G1/" tstamps="/5F61D9C0/"/>
      <tstamp>5F63170F</tstamp>
    </comp>
  </components>
  <libparts>
    <libpart lib="Connector" part="Barrel_Jack">
      <aliases>
        <alias>Jack-DC</alias>
      </aliases>
      <description>DC Barrel Jack</description>
      <docs>~</docs>
      <footprints>
        <fp>BarrelJack*</fp>
      </footprints>
      <fields>
        <field name="Reference">J</field>
        <field name="Value">Barrel_Jack</field>
      </fields>
      <pins>
        <pin num="1" name="~" type="passive"/>
        <pin num="2" name="~" type="passive"/>
      </pins>
    </libpart>
    <libpart lib="Connector" part="Conn_01x05_Male">
      <description>Generic connector, single row, 01x05, script generated (kicad-library-utils/schlib/autogen/connector/)</description>
      <docs>~</docs>
      <footprints>
        <fp>Connector*:*_1x??_*</fp>
      </footprints>
      <fields>
        <field name="Reference">J</field>
        <field name="Value">Conn_01x05_Male</field>
      </fields>
      <pins>
        <pin num="1" name="Pin_1" type="passive"/>
        <pin num="2" name="Pin_2" type="passive"/>
        <pin num="3" name="Pin_3" type="passive"/>
        <pin num="4" name="Pin_4" type="passive"/>
        <pin num="5" name="Pin_5" type="passive"/>
      </pins>
    </libpart>
    <libpart lib="DW01A" part="DW01A">
      <fields>
        <field name="Reference">IC</field>
        <field name="Value">DW01A</field>
        <field name="Footprint">SOT23-6</field>
        <field name="Datasheet">DW01A</field>
        <field name="Field4">DW01A</field>
        <field name="Field5">C351410</field>
      </fields>
      <pins>
        <pin num="1" name="OD" type="BiDi"/>
        <pin num="2" name="CS" type="BiDi"/>
        <pin num="3" name="OC" type="BiDi"/>
        <pin num="4" name="TD" type="BiDi"/>
        <pin num="5" name="VCC" type="power_in"/>
        <pin num="6" name="GND" type="power_in"/>
      </pins>
    </libpart>
    <libpart lib="Device" part="Battery_Cell">
      <description>Single-cell battery</description>
      <docs>~</docs>
      <fields>
        <field name="Reference">BT</field>
        <field name="Value">Battery_Cell</field>
      </fields>
      <pins>
        <pin num="1" name="+" type="passive"/>
        <pin num="2" name="-" type="passive"/>
      </pins>
    </libpart>
    <libpart lib="Device" part="C">
      <description>Unpolarized capacitor</description>
      <docs>~</docs>
      <footprints>
        <fp>C_*</fp>
      </footprints>
      <fields>
        <field name="Reference">C</field>
        <field name="Value">C</field>
      </fields>
      <pins>
        <pin num="1" name="~" type="passive"/>
        <pin num="2" name="~" type="passive"/>
      </pins>
    </libpart>
    <libpart lib="Device" part="CP">
      <description>Polarized capacitor</description>
      <docs>~</docs>
      <footprints>
        <fp>CP_*</fp>
      </footprints>
      <fields>
        <field name="Reference">C</field>
        <field name="Value">CP</field>
      </fields>
      <pins>
        <pin num="1" name="~" type="passive"/>
        <pin num="2" name="~" type="passive"/>
      </pins>
    </libpart>
    <libpart lib="Device" part="D_Schottky">
      <description>Schottky diode</description>
      <docs>~</docs>
      <footprints>
        <fp>TO-???*</fp>
        <fp>*_Diode_*</fp>
        <fp>*SingleDiode*</fp>
        <fp>D_*</fp>
      </footprints>
      <fields>
        <field name="Reference">D</field>
        <field name="Value">D_Schottky</field>
      </fields>
      <pins>
        <pin num="1" name="K" type="passive"/>
        <pin num="2" name="A" type="passive"/>
      </pins>
    </libpart>
    <libpart lib="Device" part="R_POT_TRIM_US">
      <description>Trim-potentiometer, US symbol</description>
      <docs>~</docs>
      <footprints>
        <fp>Potentiometer*</fp>
      </footprints>
      <fields>
        <field name="Reference">RV</field>
        <field name="Value">R_POT_TRIM_US</field>
      </fields>
      <pins>
        <pin num="1" name="1" type="passive"/>
        <pin num="2" name="2" type="passive"/>
        <pin num="3" name="3" type="passive"/>
      </pins>
    </libpart>
    <libpart lib="Device" part="R_Small_US">
      <description>Resistor, small US symbol</description>
      <docs>~</docs>
      <footprints>
        <fp>R_*</fp>
      </footprints>
      <fields>
        <field name="Reference">R</field>
        <field name="Value">R_Small_US</field>
      </fields>
      <pins>
        <pin num="1" name="~" type="passive"/>
        <pin num="2" name="~" type="passive"/>
      </pins>
    </libpart>
    <libpart lib="Device" part="R_US">
      <description>Resistor, US symbol</description>
      <docs>~</docs>
      <footprints>
        <fp>R_*</fp>
      </footprints>
      <fields>
        <field name="Reference">R</field>
        <field name="Value">R_US</field>
      </fields>
      <pins>
        <pin num="1" name="~" type="passive"/>
        <pin num="2" name="~" type="passive"/>
      </pins>
    </libpart>
    <libpart lib="Diode" part="1N5820">
      <aliases>
        <alias>1N5821</alias>
        <alias>1N5822</alias>
        <alias>MBR340</alias>
      </aliases>
      <description>20V 3A Schottky Barrier Rectifier Diode, DO-201AD</description>
      <docs>http://www.vishay.com/docs/88526/1n5820.pdf</docs>
      <footprints>
        <fp>D*DO?201AD*</fp>
      </footprints>
      <fields>
        <field name="Reference">D</field>
        <field name="Value">1N5820</field>
        <field name="Footprint">Diode_THT:D_DO-201AD_P15.24mm_Horizontal</field>
      </fields>
      <pins>
        <pin num="1" name="K" type="passive"/>
        <pin num="2" name="A" type="passive"/>
      </pins>
    </libpart>
    <libpart lib="FP6291LR-G1" part="FP6291LR-G1">
      <fields>
        <field name="Reference">U</field>
        <field name="Value">FP6291LR-G1</field>
      </fields>
      <pins>
        <pin num="1" name="LX" type="input"/>
        <pin num="2" name="GND" type="input"/>
        <pin num="3" name="FB" type="input"/>
        <pin num="4" name="EN" type="input"/>
        <pin num="5" name="Vcc" type="input"/>
        <pin num="6" name="OC" type="input"/>
      </pins>
    </libpart>
    <libpart lib="FS8205A" part="FS8205A">
      <fields>
        <field name="Reference">Q</field>
        <field name="Value">FS8205A</field>
        <field name="Footprint">SOP65P640X120-8N</field>
        <field name="Datasheet">Package Analog Devices</field>
        <field name="Field5">FS8205A</field>
        <field name="Field6">Fortune Semiconductor</field>
        <field name="Field7">None</field>
        <field name="Field8">Unavailable</field>
      </fields>
      <pins>
        <pin num="1" name="D12" type="passive"/>
        <pin num="2" name="S1" type="passive"/>
        <pin num="3" name="S1" type="passive"/>
        <pin num="4" name="G1" type="passive"/>
        <pin num="5" name="G2" type="passive"/>
        <pin num="6" name="S2" type="passive"/>
        <pin num="7" name="S2" type="passive"/>
        <pin num="8" name="D12" type="passive"/>
      </pins>
    </libpart>
    <libpart lib="XL1509-5.0E1" part="XL1509-5.0E1">
      <description>2A 150KHz 40V Buck DC to DC Converter.</description>
      <docs>https://datasheet.lcsc.com/szlcsc/XLSEMI-XL1509-5-0E1_C61063.pdf</docs>
      <fields>
        <field name="Reference">IC</field>
        <field name="Value">XL1509-5.0E1</field>
        <field name="Footprint">SOIC127P600X175-8N</field>
        <field name="Datasheet">https://datasheet.lcsc.com/szlcsc/XLSEMI-XL1509-5-0E1_C61063.pdf</field>
        <field name="Description">2A 150KHz 40V Buck DC to DC Converter.</field>
        <field name="Height">1.75</field>
        <field name="Manufacturer_Name">XLSEMI</field>
        <field name="Manufacturer_Part_Number">XL1509-5.0E1</field>
      </fields>
      <pins>
        <pin num="1" name="VIN" type="unspc"/>
        <pin num="2" name="OUTPUT" type="unspc"/>
        <pin num="3" name="FEEDBACK" type="unspc"/>
        <pin num="4" name="ON/OFF" type="unspc"/>
        <pin num="5" name="GND_1" type="unspc"/>
        <pin num="6" name="GND_2" type="unspc"/>
        <pin num="7" name="GND_3" type="unspc"/>
        <pin num="8" name="GND_4" type="unspc"/>
      </pins>
    </libpart>
    <libpart lib="pspice" part="INDUCTOR">
      <description>Inductor symbol for simulation only</description>
      <docs>~</docs>
      <fields>
        <field name="Reference">L</field>
        <field name="Value">INDUCTOR</field>
      </fields>
      <pins>
        <pin num="1" name="1" type="input"/>
        <pin num="2" name="2" type="input"/>
      </pins>
    </libpart>
  </libparts>
  <libraries>
    <library logical="Connector">
      <uri>C:\Program Files\KiCad\share\kicad\library/Connector.lib</uri>
    </library>
    <library logical="DW01A">
      <uri>C:/Users/mem/Documents/KiCad/psu/DW01A.lib</uri>
    </library>
    <library logical="Device">
      <uri>C:\Program Files\KiCad\share\kicad\library/Device.lib</uri>
    </library>
    <library logical="Diode">
      <uri>C:\Program Files\KiCad\share\kicad\library/Diode.lib</uri>
    </library>
    <library logical="FP6291LR-G1">
      <uri>C:/Users/mem/Documents/KiCad/psu/FP6291LR-G1.lib</uri>
    </library>
    <library logical="FS8205A">
      <uri>C:/Users/mem/Documents/KiCad/psu/FS8205A.lib</uri>
    </library>
    <library logical="XL1509-5.0E1">
      <uri>C:/Users/mem/Documents/KiCad/esp32-v2/XL1509-5.0E1/KiCad/XL1509-5.0E1.lib</uri>
    </library>
    <library logical="pspice">
      <uri>C:\Program Files\KiCad\share\kicad\library/pspice.lib</uri>
    </library>
  </libraries>
  <nets>
    <net code="1" name="GND">
      <node ref="J10" pin="2"/>
      <node ref="U2" pin="2"/>
      <node ref="J1" pin="1"/>
      <node ref="C7" pin="2"/>
      <node ref="C1" pin="2"/>
      <node ref="R4" pin="2"/>
      <node ref="Q1" pin="6"/>
      <node ref="Q1" pin="7"/>
      <node ref="C6" pin="2"/>
      <node ref="IC1" pin="4"/>
      <node ref="IC1" pin="8"/>
      <node ref="IC1" pin="7"/>
      <node ref="IC1" pin="6"/>
      <node ref="IC1" pin="5"/>
      <node ref="R3" pin="2"/>
      <node ref="cVIN1" pin="2"/>
      <node ref="C2" pin="2"/>
      <node ref="R5" pin="2"/>
      <node ref="c5v1" pin="2"/>
      <node ref="D1" pin="2"/>
    </net>
    <net code="2" name="Net-(D1-Pad1)">
      <node ref="IC1" pin="2"/>
      <node ref="D1" pin="1"/>
      <node ref="L1" pin="1"/>
    </net>
    <net code="3" name="VCC">
      <node ref="IC1" pin="1"/>
      <node ref="J10" pin="1"/>
      <node ref="cVIN1" pin="1"/>
      <node ref="J1" pin="3"/>
    </net>
    <net code="4" name="Net-(BPROTECT1-Pad1)">
      <node ref="BPROTECT1" pin="1"/>
      <node ref="Q1" pin="4"/>
    </net>
    <net code="5" name="Net-(BPROTECT1-Pad2)">
      <node ref="BPROTECT1" pin="2"/>
      <node ref="R3" pin="1"/>
    </net>
    <net code="6" name="VS">
      <node ref="D2" pin="1"/>
      <node ref="RV1" pin="3"/>
      <node ref="C1" pin="1"/>
      <node ref="J1" pin="5"/>
      <node ref="C2" pin="1"/>
    </net>
    <net code="7" name="GNDPWR">
      <node ref="BPROTECT1" pin="6"/>
      <node ref="J1" pin="2"/>
      <node ref="BT1" pin="2"/>
      <node ref="Q1" pin="2"/>
      <node ref="Q1" pin="3"/>
      <node ref="C5" pin="2"/>
    </net>
    <net code="8" name="Net-(BPROTECT1-Pad4)">
      <node ref="BPROTECT1" pin="4"/>
    </net>
    <net code="9" name="Net-(BPROTECT1-Pad3)">
      <node ref="Q1" pin="5"/>
      <node ref="BPROTECT1" pin="3"/>
    </net>
    <net code="10" name="Net-(C5-Pad1)">
      <node ref="C5" pin="1"/>
      <node ref="R2" pin="1"/>
    </net>
    <net code="11" name="Net-(Q1-Pad1)">
      <node ref="Q1" pin="8"/>
      <node ref="Q1" pin="1"/>
    </net>
    <net code="12" name="+5V">
      <node ref="c5v1" pin="1"/>
      <node ref="L3" pin="1"/>
      <node ref="U2" pin="4"/>
      <node ref="U2" pin="5"/>
      <node ref="C7" pin="1"/>
      <node ref="C6" pin="1"/>
      <node ref="BT1" pin="1"/>
      <node ref="R2" pin="2"/>
      <node ref="BPROTECT1" pin="5"/>
      <node ref="J1" pin="4"/>
      <node ref="IC1" pin="3"/>
      <node ref="L1" pin="2"/>
    </net>
    <net code="13" name="Net-(RV1-Pad2)">
      <node ref="RV1" pin="2"/>
      <node ref="U2" pin="3"/>
    </net>
    <net code="14" name="Net-(R4-Pad1)">
      <node ref="U2" pin="6"/>
      <node ref="R4" pin="1"/>
    </net>
    <net code="15" name="Net-(D2-Pad2)">
      <node ref="U2" pin="1"/>
      <node ref="L3" pin="2"/>
      <node ref="D2" pin="2"/>
    </net>
    <net code="16" name="Net-(R5-Pad1)">
      <node ref="RV1" pin="1"/>
      <node ref="R5" pin="1"/>
    </net>
  </nets>
</export>
