Comment,Designator,Footprint,LCSC, Field5, Field6, Field7, Field8, Description, Height, Manufacturer_Name, Manufacturer_Part_Number, Field4
"DW01A","BPROTECT1","DW01A:SOT23-6","","C351410","","","","","","","","DW01A"
"Battery_Cell","BT1","Battery:BatteryHolder_MPD_BH-18650-PC2",""
"TAJB107K006RNJ","C5,c5v1","Capacitor_Tantalum_SMD:CP_EIA-3528-15_AVX-H",""
"0.1uF","C6,C2","Capacitor_SMD:C_0603_1608Metric",""
"22uF","C7,C1","Capacitor_SMD:C_0805_2012Metric",""
"SS54","D1,D2","Diode_SMD:D_SMA",""
"XLSEMI XL1509-5.0E1","IC1","XL1509-5.0E1:SOIC127P600X175-8N","","","","","","2A 150KHz 40V Buck DC to DC Converter.","1.75","XLSEMI","XL1509-5.0E1",""
"Conn_01x05_Male","J1","Connector_Phoenix_MC:PhoenixContact_MCV_1,5_5-G-3.81_1x05_P3.81mm_Vertical",""
"Jack-DC","J10","Connector_BarrelJack:BarrelJack_Horizontal",""
"68uH","L1","Inductor_SMD:L_12x12mm_H6mm",""
"3.3uH","L3","MWSA0402S-3R3MT:INDPM4442X200N",""
"FS8205A","Q1","FS8205A:SOP65P640X120-8N","","FS8205A","Fortune Semiconductor","None","Unavailable","","","","",""
"100","R2","Resistor_SMD:R_0805_2012Metric",""
"2k","R3","Resistor_SMD:R_0805_2012Metric",""
"10k","R4","Resistor_SMD:R_0603_1608Metric",""
"1k","R5","Resistor_SMD:R_0603_1608Metric",""
"100k","RV1","Potentiometer_THT:Potentiometer_Bourns_3296W_Vertical",""
"FP6291LR-G1","U2","SOT23-6L:SOT23-6L",""
"50v 470uF","cVIN1","Capacitor_THT:CP_Radial_D10.0mm_P5.00mm",""